gid,adj,pv,lfc
ELF3,0,0,-1.891271627
LBH,0,0,1.857242964
MARCHF4,0,0,3.222938508
TNS1,0,0,3.232365124
F2RL1,0,0,1.955634976
TGFBI,0,0,1.599363435
PCDH1,0,0,3.456335274
ADAM19,0,0,3.500965553
SERPINE1,0,0,2.935462961
TGFBR1,0,0,2.088462907
MUC5AC,0,0,-2.449887461
EHF,0,0,-2.834917083
PHLDB1,0,0,2.211132269
NTS,0,0,-2.446716175
ULK1,0,0,2.041243855
COL4A1,0,0,2.115357588
FRMD6,0,0,2.924609373
PLEK2,0,0,2.568728123
GREM1,0,0,2.878271248
LINC02086,0,0,3.284214143
COL1A1,0,0,3.42675132
ARHGEF18,0,0,2.112883138
ANGPTL4,0,0,5.03370555
JUNB,0,0,2.720131446
IL11,0,0,3.504694038
PMEPA1,0,0,2.635930155
VGLL3,1.57E-302,2.31E-305,2.338251922
PGM2L1,2.71E-292,4.14E-295,2.162339615
TNS4,7.76E-281,1.23E-283,1.654268198
NIPAL4,7.52E-271,1.23E-273,3.036686604
NRP2,1.50E-268,2.55E-271,1.887436992
BMF,7.61E-267,1.33E-269,3.469413046
JUN,1.93E-266,3.47E-269,2.316939256
DAPK1,1.20E-262,2.23E-265,-2.120607992
GPAM,1.01E-259,1.93E-262,2.124706171
GADD45B,1.54E-255,3.02E-258,2.488372513
RAI14,5.41E-255,1.09E-257,1.547127494
XBP1,7.69E-246,1.60E-248,-1.533785874
THBS1,3.76E-238,8.01E-241,1.649756943
GRB10,2.67E-235,5.83E-238,1.596684205
EPHB2,6.38E-235,1.43E-237,1.643845922
MCL1,3.98E-232,9.35E-235,1.274888572
NCOR2,3.98E-232,9.22E-235,1.654551462
FURIN,3.10E-228,7.44E-231,1.619107506
CHST11,1.34E-226,3.29E-229,1.743776448
SH2B3,1.40E-225,3.51E-228,2.140186873
TUFT1,1.22E-222,3.12E-225,1.934942131
ITGA5,3.77E-220,9.88E-223,1.550028529
LAMC2,5.55E-220,1.48E-222,1.72849719
TOB1,7.76E-219,2.12E-221,-1.60998793
CEACAM6,1.07E-217,2.97E-220,-1.496203789
RNF43,4.32E-217,1.23E-219,-1.834311121
GJA1,3.53E-216,1.02E-218,1.421013812
CCN2,8.99E-214,2.65E-216,1.952677428
AMIGO2,6.54E-212,1.96E-214,1.230917657
FCGBP,1.55E-210,4.73E-213,-2.052660662
NKD1,1.74E-209,5.41E-212,2.95610396
FGF2,1.96E-209,6.21E-212,1.634650225
TRIM9,1.97E-207,6.33E-210,1.975138943
PCDH10,1.16E-203,3.81E-206,4.995466402
PABPC4L,2.26E-202,7.54E-205,3.828026366
FSTL1,3.16E-201,1.07E-203,1.591907395
MUC5B,2.28E-199,7.85E-202,-1.550711999
CCN1,1.82E-196,6.38E-199,1.793419189
SPDL1,3.03E-195,1.08E-197,1.584015553
NAV1,2.92E-193,1.05E-195,1.815889435
LRRC8C,3.21E-192,1.18E-194,2.012268508
ELK3,6.76E-191,2.51E-193,1.501709712
TPM1,1.61E-189,6.05E-192,1.268451903
COL5A1,2.24E-189,8.54E-192,1.606529893
CHST3,2.42E-188,9.51E-191,1.468799992
SHISAL1,2.42E-188,9.49E-191,3.406118582
LMCD1,1.68E-187,6.71E-190,1.491919064
CTPS1,1.33E-185,5.38E-188,1.265645862
NUAK1,1.64E-184,6.72E-187,1.756554065
FRMD8,8.22E-182,3.41E-184,1.677280813
BMPR2,7.71E-180,3.24E-182,1.641203877
TGM2,1.85E-178,7.88E-181,1.333150256
ADAMTS15,6.89E-177,2.97E-179,2.871067163
FSTL3,5.48E-175,2.39E-177,1.381311351
TANC2,5.82E-175,2.57E-177,1.78753519
CMTM3,1.14E-174,5.13E-177,1.471124756
ITGA2,4.41E-174,2.00E-176,1.567187537
MT2A,2.97E-173,1.36E-175,1.870453383
PDLIM7,3.62E-173,1.68E-175,1.633592483
CAPRIN2,5.12E-170,2.40E-172,1.613291428
TNFRSF12A,1.23E-167,5.83E-170,1.864627092
TFPI2,5.76E-167,2.77E-169,1.145614443
SMTN,3.87E-165,1.88E-167,1.682744405
TCIM,6.60E-164,3.24E-166,1.691112468
B4GALT1,1.19E-162,5.91E-165,1.061487499
EDIL3,2.53E-162,1.27E-164,4.198073134
ETS2,1.53E-160,7.75E-163,1.192653713
PDK4,1.05E-159,5.40E-162,-1.466073981
PPP1R13L,8.11E-159,4.21E-161,2.031497215
ATOSB,1.20E-157,6.30E-160,1.666082681
NPTXR,1.84E-157,9.76E-160,1.43282476
ANXA10,3.30E-157,1.77E-159,2.183877493
ARHGEF40,8.22E-156,4.45E-158,1.612859668
IER3,3.97E-155,2.17E-157,1.478546961
MUC13,4.95E-155,2.73E-157,-1.521021827
CLDN4,7.21E-154,4.01E-156,2.322199453
FAM83G,3.77E-153,2.12E-155,1.434506751
PCED1B,2.51E-151,1.43E-153,1.157382045
NXPH4,2.65E-150,1.52E-152,2.818763152
RND1,8.48E-150,4.91E-152,1.602488669
SKIL,3.30E-146,1.93E-148,1.698692718
DLC1,1.24E-143,7.34E-146,1.972331292
SEMA4G,7.64E-143,4.55E-145,-1.478165737
NRG1,8.81E-142,5.29E-144,1.173076911
RASGRP1,1.09E-141,6.64E-144,3.220788029
KDM6B,1.52E-141,9.31E-144,1.780896932
SKI,1.83E-140,1.14E-142,1.566534735
COL4A2,2.88E-140,1.81E-142,1.22137069
RHBDL3,3.17E-137,2.01E-139,2.33576353
KCTD11,1.85E-136,1.18E-138,2.113584879
TMC7,5.04E-136,3.24E-138,1.958446156
STK38L,6.83E-136,4.44E-138,1.552779055
KLF7,1.04E-135,6.81E-138,1.675078394
HMOX1,2.36E-135,1.56E-137,1.362825843
RHOU,2.71E-135,1.81E-137,1.86171121
ZYX,4.36E-134,2.93E-136,1.439790913
INHBB,4.46E-134,3.02E-136,-1.476935411
VDR,5.51E-133,3.76E-135,1.935923306
AGR2,4.02E-132,2.76E-134,-1.108131187
IRAK2,4.99E-132,3.46E-134,1.697400855
KRT80,3.80E-131,2.66E-133,1.123455574
TP53I3,5.57E-131,3.92E-133,1.145421336
RET,6.73E-131,4.78E-133,3.121607636
SLC7A1,1.31E-130,9.36E-133,1.30435774
CDKN1A,4.09E-130,2.95E-132,1.119812796
CDC42SE1,8.33E-130,6.05E-132,1.234733944
ACAP1,5.52E-129,4.04E-131,1.996611825
AQP3,2.18E-128,1.61E-130,-1.463040332
PREX1,4.51E-128,3.35E-130,1.47085093
S1PR5,4.19E-126,3.13E-128,3.490086928
SMURF2,5.64E-126,4.25E-128,1.329613491
DCBLD1,5.77E-123,4.38E-125,1.128288949
EFR3B,6.93E-123,5.30E-125,1.62557137
PTPRE,4.16E-122,3.20E-124,2.914089519
DAAM1,1.81E-121,1.40E-123,1.988101059
SOX4,4.85E-120,3.79E-122,1.325698341
OLFM2,5.24E-120,4.12E-122,2.504661919
ANKRD30A,1.53E-119,1.22E-121,3.002635857
PRRX2,6.28E-119,5.01E-121,3.496919914
FHOD3,1.09E-117,8.84E-120,2.00758869
NKILA,1.27E-117,1.04E-119,2.514516086
DNMBP,1.90E-117,1.57E-119,1.333135481
HNF4A,1.72E-116,1.43E-118,1.169336141
TIPARP,5.70E-116,4.76E-118,1.408660716
SMURF1,1.05E-113,8.83E-116,1.127512802
CITED4,3.07E-113,2.60E-115,1.987463817
CYP26B1,1.32E-111,1.13E-113,1.848888706
LGR4,1.15E-110,9.95E-113,-1.073167058
FAM177A1,1.64E-110,1.42E-112,1.100148506
SPHK1,8.13E-110,7.10E-112,2.378332385
PHLDA1,2.58E-109,2.27E-111,1.137838396
CEP170,8.80E-109,7.79E-111,1.400121782
SOX8,9.66E-108,8.60E-110,3.346699555
CCL2,2.85E-107,2.55E-109,1.78649549
COL11A1,1.55E-106,1.39E-108,1.363016629
ADGRG1,2.82E-106,2.55E-108,1.124177569
EPHA7,1.12E-104,1.02E-106,3.440510885
PEA15,1.42E-104,1.30E-106,1.141155146
ACKR3,1.58E-104,1.46E-106,1.823707065
HNF1B,1.71E-104,1.59E-106,1.14837946
NKX3-1,6.68E-104,6.24E-106,1.755243982
ABLIM3,5.65E-103,5.31E-105,1.907249873
RNF182,9.63E-103,9.10E-105,2.051762008
EVA1A,2.60E-102,2.47E-104,1.967065572
VAV3,1.28E-101,1.22E-103,-1.900669651
PPP1R14C,4.12E-101,3.96E-103,4.590379845
ITPRIP,7.51E-101,7.26E-103,1.238484704
TM4SF20,1.43E-100,1.39E-102,-1.1689965
MYOCD,2.82E-100,2.76E-102,3.1496674
SLC2A3,4.99E-100,4.91E-102,1.068984475
DPYSL3,6.49E-100,6.41E-102,1.471371663
SIM2,2.24E-99,2.23E-101,1.587203586
NEK7,6.90E-99,6.89E-101,1.115745223
ST8SIA4,4.10E-98,4.12E-100,-1.532344204
SPDEF,7.07E-98,7.14E-100,-1.433843782
LDLRAD4,1.07E-97,1.09E-99,2.974528065
ZFP36L1,2.27E-96,2.31E-98,1.096993523
SDC4,5.72E-96,5.87E-98,1.089644485
ELF4,7.19E-96,7.42E-98,1.026864493
CREB3L2,8.45E-96,8.76E-98,1.064882357
ERBB3,1.40E-95,1.46E-97,-1.835090445
STAMBPL1,2.36E-94,2.50E-96,1.300957425
PRR5L,2.69E-94,2.86E-96,2.478588329
BAAT,3.30E-94,3.54E-96,-1.355617496
EGFR,1.54E-93,1.66E-95,1.036243267
FERMT2,4.14E-93,4.47E-95,1.150488499
P2RY2,5.14E-93,5.61E-95,1.610939291
LOC100294145,5.18E-93,5.68E-95,-1.271340697
PPP1R3B,3.10E-91,3.42E-93,1.45167284
HTR1D,3.96E-91,4.39E-93,1.301798851
MYADM,4.59E-91,5.11E-93,1.051589469
IER2,1.09E-90,1.22E-92,1.112181287
CHRNA9,2.78E-90,3.14E-92,3.782171941
C9orf152,3.29E-90,3.74E-92,-4.155263358
MAP1B,5.17E-90,5.90E-92,1.04363252
TLR4,2.40E-89,2.76E-91,2.925778492
LHX8,2.71E-89,3.14E-91,2.577983814
MRC2,7.74E-89,9.00E-91,1.049543775
VAV2,1.75E-87,2.05E-89,1.038610173
YPEL2,5.30E-87,6.25E-89,1.691744793
PDGFB,6.19E-87,7.33E-89,3.789315224
FOXP1,8.37E-87,9.96E-89,1.319347665
FHL2,1.75E-86,2.11E-88,1.218994192
TRNT,3.34E-86,4.03E-88,-1.525214582
LINC00473,4.18E-86,5.07E-88,-1.741474834
F2R,8.96E-86,1.09E-87,1.263147053
UACA,1.17E-85,1.43E-87,1.067940575
MAFK,5.61E-85,6.90E-87,1.409881762
PHC2,5.91E-85,7.30E-87,1.098614202
MOB3B,2.84E-84,3.52E-86,1.757303064
RASGRF2,7.88E-84,9.90E-86,1.961576739
HAPLN3,1.18E-83,1.49E-85,2.116264803
SEMA7A,1.53E-83,1.94E-85,4.256915277
HBEGF,2.88E-83,3.68E-85,2.20517522
KCNK5,2.09E-82,2.70E-84,-1.92334164
RDH10,3.23E-82,4.18E-84,-1.1117003
SLC25A37,4.28E-82,5.56E-84,1.029710558
CXCL8,1.35E-81,1.76E-83,1.411782629
IQGAP2,1.70E-81,2.23E-83,-1.133093566
PTPRJ,2.50E-81,3.29E-83,1.08291814
FHL3,1.40E-80,1.84E-82,2.161113904
MLXIP,2.57E-80,3.42E-82,1.032572272
GFPT2,3.08E-80,4.11E-82,1.142214509
PALM2AKAP2,3.44E-80,4.60E-82,1.488400029
SMOX,1.40E-79,1.88E-81,1.178516564
CHD9,1.60E-79,2.16E-81,1.110665343
NCALD,2.57E-79,3.48E-81,-2.38350708
TSHZ3,4.73E-79,6.42E-81,2.216779675
OGFRL1,6.45E-79,8.81E-81,1.113248141
SNAI1,9.50E-79,1.31E-80,2.325075406
PAK3,4.74E-78,6.60E-80,1.756428108
IER3-AS1,8.07E-78,1.13E-79,1.504969822
ACVR1,1.27E-77,1.80E-79,1.173344562
CSGALNACT2,2.98E-77,4.24E-79,1.275386453
TOM1,7.99E-77,1.14E-78,1.366991825
C1orf116,1.12E-76,1.60E-78,-1.697409288
ZNF697,1.96E-76,2.83E-78,2.413165916
LINC00941,9.37E-76,1.37E-77,1.770891692
GDA,2.28E-75,3.34E-77,-2.076932413
LOC105370924,2.47E-75,3.63E-77,7.658419799
AVPI1,3.24E-75,4.79E-77,-1.301599837
SOWAHC,1.08E-74,1.61E-76,1.433143456
CDH19,1.50E-74,2.23E-76,3.013126039
C3orf52,1.76E-74,2.64E-76,1.739946024
BMERB1,3.93E-74,5.90E-76,1.019813122
EPB41L4A,5.90E-74,8.93E-76,-1.335120676
P4HA3,8.71E-74,1.33E-75,1.214818026
NUDT6,9.08E-74,1.39E-75,1.354865724
LOC112268252,1.44E-73,2.21E-75,-1.477365781
DUSP7,4.73E-73,7.30E-75,1.548106572
PPFIBP2,5.61E-73,8.69E-75,-1.24440161
HRH1,7.07E-73,1.11E-74,1.577368703
GLIPR1,1.45E-72,2.28E-74,1.040711255
FOS,1.85E-72,2.92E-74,-2.451321385
ANKRD50,6.42E-72,1.02E-73,1.086047995
LTBP2,9.67E-72,1.54E-73,1.337649904
BMP6,1.34E-71,2.14E-73,1.220942101
NCF2,1.74E-71,2.78E-73,1.939090651
TNFAIP8,3.41E-71,5.50E-73,1.201601965
ANXA8,7.27E-71,1.17E-72,1.030948205
NR2F2,8.66E-71,1.40E-72,-1.038852323
TOX3,1.06E-70,1.73E-72,-2.139675458
KITLG,1.95E-70,3.18E-72,-1.151959089
TCF7,2.36E-70,3.86E-72,1.63306156
ADGRG3,3.15E-70,5.18E-72,1.05388473
SRRM3,4.43E-70,7.31E-72,1.71857087
NAV2,1.49E-69,2.46E-71,1.640123962
LARP6,2.55E-69,4.24E-71,1.178768596
NR0B1,3.26E-69,5.45E-71,-1.460944227
EVA1C,3.67E-69,6.15E-71,-1.043001307
NHS,4.74E-69,7.97E-71,1.34056123
GAS7,7.65E-69,1.29E-70,3.172582694
ADGRF4,1.96E-68,3.31E-70,1.696214523
METRNL,2.08E-68,3.54E-70,2.152540133
NUMBL,4.12E-68,7.01E-70,1.071848144
EEPD1,6.04E-68,1.04E-69,1.626651833
GABRQ,8.04E-68,1.38E-69,4.065145944
MEX3B,3.00E-67,5.23E-69,1.9251577
MSC,4.12E-67,7.22E-69,1.284513355
ARRB1,7.15E-67,1.26E-68,-1.234334633
DDI2,7.66E-67,1.35E-68,1.167450111
LOC105379189,2.22E-66,3.92E-68,1.693193405
GOLGA7B,2.52E-65,4.52E-67,1.631326884
MGAM,3.09E-65,5.56E-67,-1.836287303
PLEKHA7,3.48E-65,6.26E-67,1.21925402
FAM83A,6.88E-65,1.25E-66,-2.728569589
TGFBR3,9.66E-65,1.77E-66,-1.84897793
ARHGAP31,1.78E-64,3.29E-66,1.624264518
TJP3,4.13E-64,7.69E-66,-2.061455963
ASB4,7.71E-64,1.44E-65,-1.613395351
MXD1,1.22E-63,2.32E-65,1.585904331
CYTH1,3.08E-63,5.86E-65,1.051976619
HHEX,5.94E-63,1.14E-64,-1.125898888
GRK5,1.10E-62,2.12E-64,1.307787456
STC2,1.19E-62,2.31E-64,1.144287014
PID1,1.50E-62,2.92E-64,2.060628721
ANKS4B,2.06E-62,4.00E-64,-2.220944197
TNFAIP6,7.60E-62,1.49E-63,3.53385242
CYP4F3,7.60E-62,1.49E-63,-1.216842935
SERPINB3,8.78E-62,1.73E-63,3.026329479
WNT5B,1.23E-61,2.44E-63,3.930453676
STC1,4.24E-61,8.42E-63,1.407065828
CYP1A1,4.36E-61,8.69E-63,4.313322322
SH3PXD2A,8.27E-61,1.65E-62,1.261316274
PLAUR,3.54E-60,7.16E-62,1.117114515
FOSL1,1.17E-59,2.39E-61,1.153495028
CDH11,2.50E-59,5.13E-61,6.452090074
KCNJ16,2.61E-59,5.37E-61,1.380425153
STEAP1,2.89E-59,5.96E-61,-1.050297394
NAV3,5.45E-59,1.13E-60,1.182089383
SOX2,5.93E-59,1.24E-60,-2.497878503
AGFG2,1.89E-58,3.95E-60,-1.3629735
ADH6,2.18E-58,4.57E-60,-2.414909346
FOXS1,2.31E-58,4.87E-60,4.147108111
VGF,5.51E-58,1.17E-59,1.701642451
F3,5.91E-58,1.25E-59,1.82685324
FAM167A,1.06E-57,2.25E-59,1.085191267
DZIP1L,1.13E-57,2.41E-59,1.746758833
GALNT18,1.84E-57,3.93E-59,1.128063067
RASGRP3,8.27E-57,1.78E-58,2.636782821
CREG2,2.13E-56,4.61E-58,2.870819021
RARA,4.78E-56,1.05E-57,1.004949709
MAF,4.99E-56,1.10E-57,2.434318156
ITGB3,8.88E-56,1.96E-57,1.933965681
RAB37,1.75E-55,3.87E-57,-1.292722958
BEGAIN,1.94E-55,4.30E-57,1.818765697
C2orf72,2.59E-55,5.79E-57,-1.385132436
SLC9A2,6.96E-55,1.56E-56,-1.33782755
RARB,7.63E-55,1.72E-56,1.412146745
MMP2,1.07E-54,2.42E-56,1.602874482
CPEB2,1.26E-54,2.84E-56,-1.016444514
STK32A,1.31E-54,2.97E-56,2.913014942
CXCL2,1.78E-54,4.05E-56,-1.979509023
BPGM,1.83E-54,4.17E-56,1.077933084
RPS4Y1,3.13E-54,7.15E-56,1.027394989
HSPB1,7.71E-54,1.77E-55,1.03199146
SPARC,1.60E-53,3.68E-55,2.532881058
B3GNT5,1.72E-53,3.97E-55,1.350070686
A1CF,3.46E-52,8.09E-54,2.128263775
TENT5A,4.05E-52,9.48E-54,-1.308275124
JCAD,5.57E-52,1.31E-53,1.241304098
BICDL1,6.46E-52,1.52E-53,-1.147402467
KBTBD11,8.20E-52,1.94E-53,1.073794742
MT1X,1.13E-51,2.69E-53,1.669778758
DMBX1,1.45E-51,3.46E-53,1.592090005
SMAD7,3.75E-51,8.99E-53,1.16360791
HDAC5,5.31E-51,1.28E-52,1.247762847
KLHL24,1.06E-50,2.56E-52,1.189626743
KANK4,2.53E-50,6.16E-52,5.12772872
SPRY4,5.15E-50,1.26E-51,1.164485714
MICALL2,5.29E-50,1.29E-51,1.195136617
PTHLH,5.98E-50,1.47E-51,1.370930671
PER2,3.07E-49,7.63E-51,-1.261454068
DNAJB2,4.60E-49,1.15E-50,1.071825419
RAP1GAP2,5.47E-49,1.37E-50,1.196597317
CLDN14-AS1,1.47E-48,3.70E-50,2.650432475
DDX3Y,2.03E-48,5.13E-50,1.14681264
GALNT5,2.55E-48,6.45E-50,-1.014840448
GXYLT2,2.97E-48,7.53E-50,2.37703577
LOC101929185,6.30E-48,1.61E-49,-1.179301894
MANSC1,8.63E-48,2.23E-49,-1.268323566
EEIG2,1.28E-47,3.31E-49,1.229734591
KCNH1,1.61E-47,4.17E-49,1.371060921
TC2N,4.24E-47,1.11E-48,-1.001821395
PXDC1,4.25E-47,1.12E-48,1.033469097
TRNF,8.81E-47,2.32E-48,-1.294368623
CRY1,1.29E-46,3.40E-48,1.027214419
FOXA3,1.80E-46,4.77E-48,-2.342780205
RUNX1,2.32E-46,6.18E-48,1.163365785
BEND7,3.62E-46,9.70E-48,1.004086489
NFATC2,4.65E-46,1.25E-47,1.861022543
BMP2,5.10E-46,1.37E-47,1.810392951
LPAR5,5.32E-46,1.44E-47,1.74018312
TMTC2,1.10E-45,2.97E-47,-1.591592794
FOXA2,2.45E-45,6.69E-47,-1.051320174
FRMD5,3.44E-45,9.41E-47,1.276468887
PKDCC,3.95E-45,1.08E-46,-1.492145902
TREH,6.76E-45,1.86E-46,2.009040045
BCL6,8.35E-45,2.31E-46,-1.2642451
PIK3AP1,8.97E-45,2.48E-46,1.692669039
ADM,1.13E-44,3.13E-46,-1.03087024
AREG,4.95E-44,1.38E-45,-1.345792672
TRIM2,8.28E-44,2.32E-45,1.281946204
JARID2,9.92E-44,2.79E-45,1.041891005
SH3BGRL2,5.36E-43,1.53E-44,-1.381481982
SERPINB8,5.60E-43,1.60E-44,1.017170711
XYLT1,6.64E-43,1.90E-44,3.315159596
SLC5A10,7.71E-43,2.21E-44,1.468156279
SLCO5A1,1.68E-42,4.86E-44,1.872447962
TNFAIP8L3,2.02E-42,5.85E-44,2.665773352
PTPRB,3.25E-42,9.49E-44,2.144713123
MINAR1,7.98E-42,2.34E-43,2.253087627
ENTPD7,1.09E-41,3.20E-43,1.051470494
KLF2,1.48E-41,4.34E-43,-1.268576784
ADAMTS9,1.74E-41,5.14E-43,1.51462442
LOC105372692,1.75E-41,5.19E-43,2.380024806
SPRY1,4.58E-41,1.36E-42,-2.635302862
SYTL5,8.06E-41,2.40E-42,2.18772141
DIXDC1,9.17E-41,2.74E-42,1.066394045
SPICE1,9.89E-41,2.96E-42,1.000968176
FLJ32255,1.15E-40,3.45E-42,1.480805361
MDGA1,1.97E-40,5.94E-42,1.184642517
LOC102724788,3.86E-40,1.17E-41,-1.593719763
ARID5A,4.57E-40,1.39E-41,1.961969036
VASH2,2.38E-39,7.31E-41,1.158713626
HLX,4.62E-39,1.43E-40,1.889930569
TMC5,1.22E-38,3.80E-40,-1.140458747
SLC45A3,1.33E-38,4.16E-40,1.399623747
LOC112268196,1.69E-38,5.30E-40,1.180282244
LOC105374811,2.01E-38,6.31E-40,1.122733532
CYP4F12,3.29E-38,1.04E-39,-1.60580691
PIK3C2B,4.01E-38,1.27E-39,-1.004700284
PDE7B,5.71E-38,1.82E-39,-1.238141587
UBTD1,3.34E-37,1.08E-38,1.124066999
B4GALT1-AS1,3.51E-37,1.14E-38,1.192686913
MDFI,5.45E-37,1.78E-38,3.863062223
MRAS,1.32E-36,4.34E-38,1.100024611
LINC02870,1.97E-36,6.48E-38,-1.277115607
COL12A1,2.82E-36,9.32E-38,1.211566732
ST6GAL1,6.28E-36,2.08E-37,-1.100058019
LIMK2,1.05E-35,3.50E-37,1.283810489
DBP,3.33E-35,1.13E-36,-2.062397938
SEMA4C,8.37E-35,2.85E-36,1.024921989
ACOX3,8.37E-35,2.85E-36,1.109377466
LOC105373989,9.81E-35,3.35E-36,-1.906393294
LOC105373311,9.97E-35,3.41E-36,2.018926184
EPHA1,1.01E-34,3.47E-36,1.336702429
EPS8L3,1.32E-34,4.55E-36,-1.549100354
TAGLN,1.37E-34,4.72E-36,1.21580927
RHOV,3.29E-34,1.15E-35,-1.690602451
FOSB,6.70E-34,2.34E-35,3.475976182
LOC105371822,6.99E-34,2.45E-35,2.876137997
DSE,8.02E-34,2.82E-35,1.033944611
SHANK1,1.17E-33,4.14E-35,2.545478081
KSR2,1.52E-33,5.38E-35,1.647308448
ID2,1.95E-33,6.97E-35,-1.126937798
ACHE,2.19E-33,7.82E-35,3.171047131
PIK3CD,2.59E-33,9.27E-35,1.194487229
ITGA11,3.28E-33,1.18E-34,1.319552206
RAB40B,5.69E-33,2.06E-34,-1.050134127
NECTIN4,5.77E-33,2.09E-34,2.80368051
MYO1D,5.94E-33,2.16E-34,1.005417982
PHLDA2,6.01E-33,2.19E-34,1.031718161
PLCXD3,6.63E-33,2.43E-34,-1.406220216
PLXNA4,9.04E-33,3.31E-34,2.561056524
APBB1IP,1.91E-32,7.06E-34,1.703478308
PARD6B,3.89E-32,1.45E-33,-1.454324848
SNORC,4.45E-32,1.66E-33,1.153050056
ZNF365,5.32E-32,1.99E-33,1.819821329
CAVIN2,1.71E-31,6.51E-33,-1.265691841
DNMT3B,2.03E-31,7.76E-33,1.14741645
FAM131B,3.60E-31,1.37E-32,1.670706227
SGPP2,4.16E-31,1.60E-32,-1.152643171
KCNJ2,4.31E-31,1.66E-32,-1.715211113
PTPRD,7.15E-31,2.77E-32,1.662329893
MEIS2,1.10E-30,4.29E-32,-1.200199966
SIDT1,1.14E-30,4.43E-32,1.094595601
E2F2,1.37E-30,5.37E-32,-1.055253536
LOC105378568,2.42E-30,9.54E-32,-1.493042662
RAB3IL1,2.66E-30,1.05E-31,-1.16210921
KRT20,2.97E-30,1.17E-31,-3.287647642
MAFF,3.95E-30,1.57E-31,1.249259987
TFEB,4.34E-30,1.73E-31,1.338936279
ANK3,4.56E-30,1.82E-31,-1.074724166
FXYD2,6.50E-30,2.61E-31,-1.193512015
PEAR1,7.33E-30,2.95E-31,2.033587488
TRPC6,8.90E-30,3.60E-31,-1.875497653
CYRIA,1.04E-29,4.21E-31,2.389097377
WNT9A,1.99E-29,8.10E-31,1.026632423
IGF2,2.77E-29,1.13E-30,1.805280421
MIR23AHG,3.04E-29,1.25E-30,1.061726917
FXYD6-FXYD2,3.32E-29,1.36E-30,-1.175490209
MN1,3.58E-29,1.47E-30,1.175700819
DEPTOR,3.77E-29,1.55E-30,-1.423689153
ESAM,4.51E-29,1.86E-30,1.561970916
RAET1G,5.45E-29,2.25E-30,1.345262728
TRERF1,6.89E-29,2.85E-30,-1.081950229
SEC14L2,8.85E-29,3.69E-30,1.148849347
GIPR,2.33E-28,9.81E-30,1.629839986
SH3RF2,3.30E-28,1.40E-29,-1.20176334
C3orf80,3.80E-28,1.61E-29,1.236218428
BEAN1,4.35E-28,1.84E-29,2.016652914
RELB,5.22E-28,2.22E-29,1.035073627
TSPAN5,7.95E-28,3.39E-29,1.049006626
LINP1,7.98E-28,3.41E-29,-1.013134893
INS-IGF2,8.46E-28,3.62E-29,1.779332594
DIO2,1.05E-27,4.51E-29,-1.099358184
BTG2,1.09E-27,4.69E-29,1.119760388
IL7R,1.44E-27,6.22E-29,2.396497548
VTCN1,1.49E-27,6.45E-29,-2.282233661
CORO2B,1.52E-27,6.60E-29,1.790376325
TBX2,1.55E-27,6.70E-29,1.150092279
NFIL3,1.65E-27,7.20E-29,-1.146066315
MYO1A,1.91E-27,8.34E-29,-2.195766352
CX3CL1,2.85E-27,1.25E-28,-2.711693329
CHD5,2.98E-27,1.31E-28,2.456342434
ALPL,3.65E-27,1.61E-28,2.760945196
KLHDC7A,3.79E-27,1.67E-28,-1.171858777
CREB5,4.01E-27,1.77E-28,3.118025089
KRT17,5.03E-27,2.23E-28,1.669307669
ANKRD30B,7.41E-27,3.30E-28,5.996352838
SLC1A3,9.36E-27,4.18E-28,4.405249464
SCEL,1.07E-26,4.78E-28,-1.82690068
TPST1,1.08E-26,4.85E-28,1.018559807
CSDC2,1.84E-26,8.33E-28,3.316189551
WHRN,2.04E-26,9.24E-28,1.342488018
HOXB13,2.18E-26,9.88E-28,-1.436371207
PHETA1,2.21E-26,1.00E-27,1.07879227
SOCS2,2.70E-26,1.23E-27,1.011031321
ADORA2B,3.95E-26,1.82E-27,-1.159290014
KDM7A,4.08E-26,1.88E-27,1.273321047
ANK1,5.01E-26,2.31E-27,-1.03814909
PITPNM3,5.11E-26,2.36E-27,1.128865155
PLK3,8.45E-26,3.94E-27,1.021827264
SOX21,9.48E-26,4.42E-27,-2.728038658
DCLK1,1.20E-25,5.66E-27,1.249526189
RNF128,1.34E-25,6.34E-27,1.621294692
GRIK2,1.62E-25,7.64E-27,1.058351446
CGB8,1.73E-25,8.22E-27,3.415981481
CEBPA,2.10E-25,9.98E-27,-1.006955383
RTN4RL1,2.21E-25,1.05E-26,1.168858129
GPNMB,5.44E-25,2.63E-26,1.113910203
FAM43A,6.57E-25,3.20E-26,1.962089817
LHX4,8.66E-25,4.25E-26,-1.305500304
COL22A1,9.38E-25,4.60E-26,3.515436571
LMO1,9.53E-25,4.68E-26,2.349346851
PFKFB4,9.93E-25,4.88E-26,1.052566348
VIL1,1.02E-24,5.00E-26,-1.149021433
RSC1A1,1.24E-24,6.13E-26,1.175334685
C5AR2,2.12E-24,1.05E-25,2.731787156
AKNA,2.21E-24,1.10E-25,1.224578132
HMCN1,2.85E-24,1.43E-25,2.424708788
TPST2,3.09E-24,1.56E-25,1.1279749
SERTAD4,8.47E-24,4.35E-25,1.992825571
PLEKHN1,8.79E-24,4.52E-25,1.109836932
SGCA,1.01E-23,5.22E-25,3.16677592
WTIP,1.17E-23,6.04E-25,1.076352342
TLL1,1.55E-23,8.06E-25,1.738911411
ITIH5,2.08E-23,1.08E-24,1.666250125
KLHL26,3.67E-23,1.94E-24,1.041811098
PRODH,3.96E-23,2.09E-24,-1.520914581
SERPINB4,6.04E-23,3.22E-24,2.489037776
NID1,1.10E-22,5.96E-24,1.227472734
TSPAN2,1.22E-22,6.63E-24,4.445462022
IL22RA1,1.33E-22,7.22E-24,1.335104198
SYNDIG1,1.33E-22,7.24E-24,2.265985927
ACSL5,2.42E-22,1.33E-23,1.404384234
CASC15,3.13E-22,1.73E-23,1.038692914
RNF144B,3.19E-22,1.76E-23,-2.206964492
GPR37,4.03E-22,2.25E-23,-1.328624772
PDCD6IP-DT,4.37E-22,2.44E-23,1.22681091
CITED2,5.49E-22,3.07E-23,-1.097720654
BCAS1,7.64E-22,4.30E-23,-1.83344141
EID3,1.51E-21,8.53E-23,-1.590820907
LOC112268432,1.73E-21,9.81E-23,-1.391284422
TRIB2,1.83E-21,1.04E-22,1.679830347
EPHA4,2.35E-21,1.34E-22,2.580159094
KRT16,2.76E-21,1.57E-22,1.950788611
PAX6,4.68E-21,2.70E-22,1.212073427
CRLF1,4.68E-21,2.70E-22,2.945352325
ZDHHC8BP,6.35E-21,3.67E-22,-1.631310341
HLF,6.62E-21,3.84E-22,-2.384747044
PIK3IP1,6.80E-21,3.95E-22,1.694007463
FOXC2,1.35E-20,7.94E-22,2.689686841
LINC00173,1.50E-20,8.81E-22,-2.085876649
SRGAP3,1.86E-20,1.10E-21,-1.219713634
SLCO4A1,2.23E-20,1.32E-21,-1.048290239
OLR1,3.42E-20,2.04E-21,1.897908916
HOXD11,6.80E-20,4.10E-21,2.373207049
EFNA2,7.83E-20,4.74E-21,2.367159376
CPVL,8.12E-20,4.92E-21,1.01201213
NCMAP,8.97E-20,5.44E-21,-1.816662103
KAZALD1,9.51E-20,5.77E-21,-1.082672731
CRYAB,1.02E-19,6.23E-21,1.197659012
HOXD10,1.25E-19,7.64E-21,2.644779302
SEMA3E,1.35E-19,8.22E-21,1.504602845
SLFNL1,2.09E-19,1.29E-20,1.588750832
ABLIM2,2.16E-19,1.33E-20,1.767680689
SH3TC2,2.59E-19,1.61E-20,-2.465932081
DOCK2,2.70E-19,1.68E-20,1.623757506
PYCARD,3.47E-19,2.17E-20,-1.090944168
BHLHE40-AS1,4.66E-19,2.93E-20,1.024452121
TPPP3,5.62E-19,3.55E-20,-1.978517091
LINC01583,5.77E-19,3.65E-20,4.004937216
TEF,6.03E-19,3.82E-20,-1.280269857
FAM131B-AS2,6.12E-19,3.88E-20,1.213571904
DUSP8,6.45E-19,4.10E-20,1.355760422
PRR15L,6.78E-19,4.31E-20,-2.360228967
ZNF608,6.78E-19,4.31E-20,1.156952597
LINC01629,6.82E-19,4.35E-20,5.256716409
IFNL1,7.92E-19,5.05E-20,1.147450921
IGFBP7-AS1,1.23E-18,7.92E-20,1.075920905
IGSF11,1.50E-18,9.72E-20,-1.130078643
MYLIP,1.75E-18,1.14E-19,-1.073239113
PER1,1.89E-18,1.23E-19,-1.010303493
DEPP1,1.91E-18,1.25E-19,-3.725803623
XKRX,1.92E-18,1.25E-19,1.596673478
HES2,2.07E-18,1.35E-19,1.888488291
LOC728392,3.20E-18,2.11E-19,2.924856584
GPR157,3.29E-18,2.17E-19,1.029431976
CACHD1,3.29E-18,2.17E-19,1.141934507
KIAA0040,3.49E-18,2.31E-19,1.43009343
CDS1,3.70E-18,2.46E-19,1.298379912
MIR198,3.86E-18,2.57E-19,1.558960621
IGFL1,5.24E-18,3.50E-19,2.486314029
ITGB8,7.78E-18,5.23E-19,-1.106561598
FGFBP1,1.41E-17,9.56E-19,-1.637617374
UCN2,1.61E-17,1.10E-18,1.361458319
GRHL3,1.69E-17,1.16E-18,-3.283345263
CARD11,1.83E-17,1.26E-18,1.192904365
CCM2L,1.93E-17,1.33E-18,5.607288955
SALL2,2.94E-17,2.04E-18,-1.764650421
KCNV1,3.41E-17,2.38E-18,-1.246789716
CRYZL2P-SEC16B,3.53E-17,2.47E-18,-1.089935773
DAPK2,3.70E-17,2.59E-18,1.122954757
KDM5D,4.13E-17,2.91E-18,1.039678413
ANKRD33B,4.30E-17,3.03E-18,-1.021091857
GDF15,5.77E-17,4.08E-18,-1.266446369
SSC5D,8.18E-17,5.83E-18,1.523679482
PHYHIPL,1.45E-16,1.05E-17,-2.3666395
NPBWR1,1.51E-16,1.09E-17,2.172670365
LOC105369782,1.64E-16,1.19E-17,-1.814822755
NOG,2.15E-16,1.57E-17,3.471774389
INSYN2B,2.35E-16,1.72E-17,2.240442427
SEC16B,3.26E-16,2.40E-17,-1.66703415
MUC5B-AS1,3.71E-16,2.73E-17,-1.278752231
PRRG4,4.42E-16,3.28E-17,1.253312391
SLC25A25-AS1,4.49E-16,3.33E-17,-1.068798055
R3HDML,5.63E-16,4.20E-17,3.963194298
PLCXD2,5.93E-16,4.43E-17,1.614409474
DIRAS1,6.14E-16,4.59E-17,1.34937405
ODAPH,6.38E-16,4.77E-17,5.163932298
NRG2,8.06E-16,6.05E-17,-1.477773966
ZSWIM4,9.28E-16,7.01E-17,1.067365006
GLIPR2,9.90E-16,7.50E-17,1.128649082
TRABD2B,1.01E-15,7.61E-17,1.756008747
SOX21-AS1,1.19E-15,9.05E-17,-2.497149676
SUSD4,1.22E-15,9.27E-17,1.935587582
ST6GALNAC1,1.27E-15,9.70E-17,-2.186988126
ARX,1.36E-15,1.04E-16,-1.257049826
RARA-AS1,1.41E-15,1.08E-16,1.967040354
ANGPT1,1.51E-15,1.16E-16,-1.363760642
MOB3C,1.52E-15,1.17E-16,1.047930956
UNC5D,1.56E-15,1.20E-16,1.306721856
PDE4A,1.57E-15,1.21E-16,1.072830931
LEFTY2,2.32E-15,1.80E-16,6.263361694
PLD6,2.32E-15,1.80E-16,-1.067618864
HEY1,2.72E-15,2.12E-16,1.623153841
SLC7A8,2.75E-15,2.14E-16,1.442272218
BPIFB1,4.57E-15,3.60E-16,-1.894713414
SLC5A4-AS1,5.08E-15,4.02E-16,-1.798153205
NOVA2,6.45E-15,5.13E-16,2.122416298
GBGT1,6.54E-15,5.20E-16,1.253752723
GNG4,6.57E-15,5.23E-16,1.17430735
LOC107987152,6.64E-15,5.29E-16,1.070086076
CEP170P1,7.42E-15,5.94E-16,1.438408208
SPTLC3,8.03E-15,6.46E-16,-1.35779702
CRISPLD1,1.04E-14,8.40E-16,2.283693689
MCF2L,1.51E-14,1.23E-15,-1.533207227
LOC100129434,1.67E-14,1.36E-15,-2.178774566
DACT1,1.91E-14,1.56E-15,4.035509608
TMEM154,2.75E-14,2.28E-15,1.696118668
CYP3A5,4.02E-14,3.35E-15,-1.038836487
SPTSSB,4.03E-14,3.36E-15,-1.422438222
SLITRK5,4.06E-14,3.39E-15,-1.216258532
LIN28B,4.20E-14,3.50E-15,-1.023988577
INSYN2A,4.71E-14,3.94E-15,1.856547543
LOC100128653,5.68E-14,4.77E-15,1.436574394
CEND1,8.11E-14,6.88E-15,1.342221449
TMEM158,1.28E-13,1.10E-14,1.280416556
FLNC,1.30E-13,1.12E-14,1.302757411
SERPINB5,1.62E-13,1.40E-14,-3.154797725
GTF2IP7,1.71E-13,1.48E-14,1.418727101
SSTR5-AS1,1.83E-13,1.59E-14,-1.151066915
TGM3,1.95E-13,1.70E-14,-1.866508686
PRSS8,1.98E-13,1.72E-14,4.20433528
VSTM4,2.06E-13,1.80E-14,2.49985059
DUSP26,2.13E-13,1.86E-14,3.436138199
NKAIN4,2.47E-13,2.17E-14,1.20483441
CDK5R1,2.77E-13,2.44E-14,1.015988522
DYSF,3.13E-13,2.76E-14,2.242112943
NTF4,3.50E-13,3.10E-14,3.696238917
EXOC3L2,3.54E-13,3.13E-14,1.778655889
GRAMD2B,5.08E-13,4.54E-14,1.125296217
DNMBP-AS1,5.53E-13,4.95E-14,1.278092709
ZNF853,5.77E-13,5.17E-14,1.117096838
FFAR4,6.39E-13,5.75E-14,-1.770256834
GALNT16,7.02E-13,6.34E-14,1.253074359
LINC00623,7.95E-13,7.21E-14,1.580456612
ELFN1,8.26E-13,7.50E-14,6.502831647
GBP1,9.44E-13,8.60E-14,1.290171422
CLDN14,1.07E-12,9.80E-14,3.256396593
LOC107987244,1.18E-12,1.08E-13,1.631688147
ATRNL1,1.36E-12,1.26E-13,1.409649517
CNN1,1.90E-12,1.76E-13,5.768725692
MMP16,2.32E-12,2.16E-13,1.297157968
C15orf48,2.83E-12,2.65E-13,1.150725514
LUM,3.19E-12,3.00E-13,2.75131098
SEC31B,3.45E-12,3.25E-13,-1.083366719
RUNX2,4.04E-12,3.82E-13,1.356750201
PGBD5,4.39E-12,4.17E-13,1.15647428
POU2AF3,5.32E-12,5.08E-13,-1.279647906
ACOX2,6.21E-12,5.96E-13,-1.058461482
AJM1,7.30E-12,7.03E-13,-1.155356916
SNAI2,7.78E-12,7.52E-13,1.914684965
TEKTIP1,8.36E-12,8.09E-13,1.03710258
CA13,9.56E-12,9.28E-13,1.458302803
FLJ16779,1.04E-11,1.01E-12,1.968577403
INHBA,1.22E-11,1.19E-12,4.771555384
SMIM31,1.30E-11,1.28E-12,-1.57681494
LINC00602,1.65E-11,1.63E-12,-1.427615888
LOC105378954,1.79E-11,1.77E-12,2.201644844
EFHD1,2.24E-11,2.23E-12,1.664865447
EGFR-AS1,2.40E-11,2.39E-12,1.256177349
GABRA2,2.57E-11,2.57E-12,7.328274726
GJB1,3.21E-11,3.23E-12,-1.251944384
DOK7,3.78E-11,3.83E-12,-1.895694372
RADX,3.84E-11,3.90E-12,1.311109406
GPR35,3.86E-11,3.92E-12,-1.345524149
CHST1,4.28E-11,4.35E-12,2.054258808
WNT5A,5.03E-11,5.13E-12,-1.041311805
LOC729867,5.15E-11,5.26E-12,1.294167884
SNORD14B,5.17E-11,5.29E-12,-2.328879415
MGC70870,5.75E-11,5.90E-12,-1.008073132
FPR1,6.45E-11,6.65E-12,3.813715998
DPY19L2P2,6.61E-11,6.82E-12,-1.211374088
KLRC2,6.77E-11,7.00E-12,-1.313573149
NIPAL1,6.78E-11,7.01E-12,2.72128653
LIPG,6.87E-11,7.12E-12,1.239266371
RHCG,6.89E-11,7.15E-12,1.090147043
EOMES,7.85E-11,8.18E-12,1.287724602
EFNB2,8.02E-11,8.38E-12,1.075941441
TMEM233,8.63E-11,9.03E-12,5.411694022
TRIM67,8.72E-11,9.14E-12,-1.37059449
GREM1-AS1,8.90E-11,9.34E-12,2.828525737
ATOH8,9.64E-11,1.01E-11,-1.426065317
CLVS2,1.05E-10,1.11E-11,4.667526188
SULT1C2,1.30E-10,1.38E-11,1.481307834
LINC00261,1.40E-10,1.48E-11,-1.005604651
LCAT,1.47E-10,1.56E-11,1.02891869
LOC107986465,1.54E-10,1.64E-11,1.187009283
PRKXP1,1.61E-10,1.72E-11,-1.205591958
TIMP3,1.85E-10,1.98E-11,5.007671576
SLC2A14,1.93E-10,2.08E-11,1.534162349
DUSP15,1.97E-10,2.12E-11,1.830884272
FOXL1,2.22E-10,2.40E-11,1.542341175
MIR4253,2.44E-10,2.65E-11,1.607166227
RAB38,2.46E-10,2.68E-11,-1.633118491
HSD11B1,2.87E-10,3.13E-11,4.096484281
GPR84-AS1,3.35E-10,3.69E-11,1.73049724
CLIP3,3.50E-10,3.85E-11,-1.10635182
PLEKHO1,4.49E-10,4.99E-11,1.011296579
MIR6716,4.95E-10,5.53E-11,2.501818902
MT1F,4.98E-10,5.56E-11,1.378854703
UTY,4.98E-10,5.56E-11,1.066522112
FGF12,5.40E-10,6.05E-11,1.422258384
LOC107986182,6.23E-10,7.01E-11,-1.944820959
LINC02735,6.74E-10,7.62E-11,1.874197882
LRRC58-DT,6.85E-10,7.74E-11,1.699722878
PRUNE2,7.78E-10,8.83E-11,2.133143325
OGDHL,8.09E-10,9.20E-11,1.719053669
LOC105374715,9.60E-10,1.10E-10,2.60498968
LGALS2,1.03E-09,1.18E-10,-1.893381082
LOC105378114,1.04E-09,1.19E-10,-1.876482271
TRNW,1.33E-09,1.53E-10,-1.122780262
LOC400212,1.42E-09,1.64E-10,2.029142124
LINC01559,1.43E-09,1.66E-10,-2.398639997
COL26A1,1.44E-09,1.67E-10,1.435502258
COL4A2-AS1,1.48E-09,1.72E-10,1.070030492
AQP1,1.53E-09,1.77E-10,1.413442537
PROX1,1.76E-09,2.05E-10,2.574205079
SH2D2A,1.83E-09,2.13E-10,1.247529907
CHST6,1.86E-09,2.17E-10,1.464176005
EDIL3-DT,1.90E-09,2.23E-10,3.997938366
DNER,2.06E-09,2.41E-10,1.076608007
DENND2D,2.18E-09,2.56E-10,-1.301214393
NAV2-AS2,2.25E-09,2.64E-10,2.475690078
NTRK2,2.31E-09,2.72E-10,1.7900722
SPINK6,2.44E-09,2.88E-10,7.829395689
HPDL,2.57E-09,3.04E-10,-1.279843151
CRISPLD2,3.15E-09,3.74E-10,1.72522574
PTGS1,3.25E-09,3.86E-10,2.688414967
CNIH3,3.46E-09,4.13E-10,1.863494633
GLIS3-AS1,3.65E-09,4.36E-10,1.420715411
CGB5,3.73E-09,4.47E-10,3.009731672
IGFL3,4.09E-09,4.90E-10,4.094527347
ADGRL3,4.35E-09,5.24E-10,1.653400377
LOC105378443,4.42E-09,5.32E-10,1.043252158
LOC105370912,4.69E-09,5.65E-10,-2.247345582
KIAA1755,4.93E-09,5.95E-10,2.570909558
SGCZ,5.03E-09,6.09E-10,7.695513117
OR7E14P,5.06E-09,6.12E-10,1.134233077
LAMA4,5.16E-09,6.25E-10,1.377346731
PTPRK-AS1,5.58E-09,6.78E-10,1.104798814
KIF5A,6.19E-09,7.56E-10,1.492894321
R3HDML-AS1,6.19E-09,7.56E-10,1.632582917
PKIA,6.46E-09,7.91E-10,3.323630249
SP6,6.79E-09,8.32E-10,1.145027744
LOC100288175,6.84E-09,8.38E-10,1.338828693
KCNQ5,7.32E-09,9.00E-10,1.043268007
MYOZ1,7.97E-09,9.85E-10,7.600318247
IL31RA,8.33E-09,1.03E-09,1.356939152
SAMD12,8.49E-09,1.05E-09,-2.012501196
NOTUM,8.76E-09,1.09E-09,2.194266677
TMEM92-AS1,9.23E-09,1.15E-09,1.171446133
LINC01504,1.06E-08,1.33E-09,-1.029189214
LOC105377650,1.09E-08,1.37E-09,1.977267675
LOC101448202,1.10E-08,1.38E-09,1.611247871
AGT,1.17E-08,1.47E-09,1.310639996
SHC4,1.22E-08,1.54E-09,1.772539605
LINC03034,1.42E-08,1.80E-09,-1.823760444
MMP3,1.71E-08,2.18E-09,6.486982116
CKMT2,1.80E-08,2.30E-09,1.223478491
SLC22A15,1.82E-08,2.33E-09,1.081628901
GRID1,2.16E-08,2.78E-09,1.561916408
SHE,2.22E-08,2.86E-09,-1.240117688
PERM1,2.22E-08,2.86E-09,1.524497227
RASSF5,2.29E-08,2.95E-09,-1.163699273
PARP8,2.35E-08,3.04E-09,2.137450894
TMEM130,2.77E-08,3.62E-09,1.664665171
TTLL6,3.23E-08,4.24E-09,-1.383773057
OTULINL,3.31E-08,4.35E-09,1.181384553
EPHB3,3.61E-08,4.76E-09,-1.150378268
GDF6,4.30E-08,5.69E-09,3.518079693
LINC00672,4.42E-08,5.87E-09,-1.990955848
FAM83E,4.70E-08,6.26E-09,-2.899736426
UBE2QL1,5.27E-08,7.04E-09,2.610619808
PLPPR1,5.65E-08,7.57E-09,-2.065684659
F7,6.09E-08,8.18E-09,-1.15100483
NRIP3,6.90E-08,9.33E-09,1.119352712
KCNJ18,7.02E-08,9.49E-09,2.628712023
ZG16B,7.08E-08,9.57E-09,-2.004692234
MUC16,9.66E-08,1.32E-08,-2.645502444
LOC101928032,1.08E-07,1.49E-08,-1.02218428
TMEM45B,1.09E-07,1.50E-08,-2.360619416
CDH22,1.26E-07,1.74E-08,4.362612009
LOC102724852,1.26E-07,1.75E-08,-1.530658119
WNT7A,1.27E-07,1.75E-08,4.29032994
FIGNL2,1.39E-07,1.94E-08,2.069169064
LOC105377297,1.56E-07,2.18E-08,2.101433516
PDE4C,1.57E-07,2.20E-08,1.757294563
SYT9,1.80E-07,2.53E-08,1.642257233
KRT4,1.87E-07,2.64E-08,-1.97217271
ADAMTSL3,1.91E-07,2.69E-08,1.767401317
IL1R2,1.91E-07,2.70E-08,-1.011940799
LOC107985020,1.97E-07,2.79E-08,1.181496981
SDR16C5,2.53E-07,3.62E-08,-1.394691047
HILPDA-AS1,2.55E-07,3.66E-08,-1.083960476
TRHDE,2.65E-07,3.81E-08,7.049522919
OVGP1,2.68E-07,3.85E-08,-1.236178345
LOC107984684,2.71E-07,3.90E-08,1.949531586
ANO1,2.73E-07,3.93E-08,-1.368106819
MIR181A2HG,2.77E-07,3.99E-08,1.762215314
LOC105376292,2.77E-07,3.99E-08,1.56314112
NGF,2.81E-07,4.05E-08,3.612711204
PLXNC1,2.84E-07,4.10E-08,-1.078261662
PYCARD-AS1,2.90E-07,4.18E-08,-1.057455677
PLEKHG1,2.95E-07,4.26E-08,1.396916387
INSYN1,2.98E-07,4.31E-08,1.570531232
DRD1,2.99E-07,4.32E-08,-1.177191736
RASGRF2-AS1,3.16E-07,4.59E-08,3.088488664
LOC105371123,3.22E-07,4.69E-08,-2.115195657
MIR3605,3.28E-07,4.78E-08,1.134102781
LOC105374291,3.37E-07,4.92E-08,2.103903797
ARHGAP44-AS1,3.40E-07,4.96E-08,2.837092663
LINC01133,3.47E-07,5.08E-08,-1.919632674
LOC107984455,3.54E-07,5.19E-08,2.216794282
IL1A,3.59E-07,5.27E-08,2.288379104
BRINP1,3.62E-07,5.31E-08,3.535071109
PLAAT2,3.79E-07,5.57E-08,-2.286846422
KIF25-AS1,4.16E-07,6.13E-08,-3.322486939
TRIM31,4.51E-07,6.66E-08,-1.941728888
LOC107984104,4.82E-07,7.15E-08,4.501627854
CGB7,4.96E-07,7.37E-08,1.975328394
TRIM46,5.63E-07,8.45E-08,-1.215207592
CARMIL3,5.84E-07,8.77E-08,-1.749949095
EPHA5,5.87E-07,8.82E-08,-1.154060569
KLRG2,6.05E-07,9.12E-08,-1.510925705
FGF1,6.18E-07,9.32E-08,4.132710406
LOC107986174,6.22E-07,9.38E-08,6.877181609
KCNJ12,6.41E-07,9.69E-08,1.17579986
HPCAL4,6.54E-07,9.89E-08,2.426298395
NRXN3,6.61E-07,1.00E-07,1.758314087
SSTR5,6.61E-07,1.00E-07,-1.242551107
LOC107986198,6.62E-07,1.00E-07,1.994622361
ADGRA1,7.27E-07,1.11E-07,3.152253493
NHERF4,7.41E-07,1.13E-07,-1.872981731
TRPS1,8.38E-07,1.28E-07,2.580315022
IGLON5,8.63E-07,1.32E-07,1.645419367
LOC440570,8.67E-07,1.33E-07,-1.572482887
LRRC38,9.02E-07,1.39E-07,2.18077142
NALT1,9.14E-07,1.41E-07,-1.322196823
NPY2R,1.05E-06,1.62E-07,-1.603750809
LOC105378948,1.17E-06,1.83E-07,1.155642237
LOC100287467,1.23E-06,1.92E-07,1.731479876
H19,1.24E-06,1.94E-07,-1.461357724
COLCA1,1.39E-06,2.18E-07,-1.45349246
CDYL2,1.57E-06,2.49E-07,1.520498499
CSF1R,1.59E-06,2.51E-07,4.09526243
SUCNR1,1.59E-06,2.52E-07,1.209371345
SH3GL3,1.65E-06,2.62E-07,3.505510153
AQP6,1.75E-06,2.78E-07,-2.765445313
ADGRF2,1.75E-06,2.78E-07,2.821398464
NAV2-AS6,1.76E-06,2.80E-07,3.182989251
SH2B2,1.87E-06,2.99E-07,-1.010966902
MAN1A1,1.88E-06,3.00E-07,1.487813766
LZTS1,1.88E-06,3.01E-07,3.452474873
LOC729681,1.93E-06,3.09E-07,-2.234976639
LOC107985534,2.04E-06,3.28E-07,6.657894323
TNFSF10,2.06E-06,3.32E-07,-1.200814423
P2RY1,2.08E-06,3.34E-07,-1.507889533
COL15A1,2.21E-06,3.57E-07,2.253734933
LOC107986166,2.28E-06,3.69E-07,-6.376277979
LOC105371856,2.32E-06,3.75E-07,2.24539942
BNC1,2.33E-06,3.77E-07,2.819392778
NEK10,2.35E-06,3.82E-07,1.110959068
LOC105369828,2.41E-06,3.92E-07,2.40464198
SPOCD1,2.53E-06,4.13E-07,1.467450496
TNFRSF11B,2.53E-06,4.13E-07,-1.056062151
CLSTN2,2.63E-06,4.31E-07,1.457133485
LOC101928352,2.76E-06,4.53E-07,1.845823773
EVA1A-AS,2.92E-06,4.81E-07,1.868728711
GAD1,2.99E-06,4.93E-07,3.483459981
LOC105379507,3.07E-06,5.07E-07,-1.651816648
FNDC5,3.13E-06,5.17E-07,2.147953685
TMEM100,3.35E-06,5.56E-07,3.422321368
MCTP2,3.36E-06,5.58E-07,3.849702235
LINC01139,3.68E-06,6.13E-07,-1.315798084
OR51E2,3.78E-06,6.31E-07,1.310855153
COQ7-DT,3.85E-06,6.44E-07,1.306509388
MCF2L2,3.88E-06,6.50E-07,1.154093567
KLRG1,4.02E-06,6.74E-07,-1.20441538
H4C14,4.19E-06,7.05E-07,-1.009254465
SLC44A4,4.23E-06,7.12E-07,-2.928542822
LOC105374986,4.25E-06,7.16E-07,-2.611537948
GEMIN8P4,4.40E-06,7.42E-07,-1.329614937
KLRC3,4.48E-06,7.57E-07,-1.508575797
H1-9P,4.48E-06,7.57E-07,3.308859795
CDKN1C,5.54E-06,9.44E-07,1.381421769
GOLGA2P5,5.60E-06,9.56E-07,-1.170030084
LOC100287036,6.11E-06,1.05E-06,1.101764478
TMEM221,6.12E-06,1.05E-06,-1.267830685
SNORD10,7.19E-06,1.24E-06,-1.139494346
KCNMB4,7.44E-06,1.29E-06,1.101238652
RTL1,7.98E-06,1.39E-06,6.391599801
LOC105379508,8.03E-06,1.40E-06,-1.602543818
LOC107983996,8.03E-06,1.40E-06,2.199939273
SALL1,8.26E-06,1.44E-06,-1.250850373
NUDT10,8.31E-06,1.45E-06,2.150108266
LOC105376046,8.38E-06,1.47E-06,-2.29325617
ABI3BP,8.55E-06,1.50E-06,1.45523567
SLC12A1,8.76E-06,1.54E-06,4.195043078
RGCC,8.84E-06,1.55E-06,-1.213217822
SCG5,9.15E-06,1.61E-06,1.611506668
PCSK5,9.99E-06,1.77E-06,1.217066292
CAMK2B,1.04E-05,1.85E-06,-1.189598687
RASD2,1.06E-05,1.88E-06,1.035926901
FPR2,1.08E-05,1.92E-06,5.369154034
KCNA7,1.14E-05,2.04E-06,4.567267083
TMTC1,1.17E-05,2.09E-06,3.832097451
CRACR2A,1.19E-05,2.14E-06,-1.007474784
AQP7,1.22E-05,2.19E-06,-1.70859178
ANGPTL2,1.22E-05,2.19E-06,4.15386261
SNORD22,1.39E-05,2.52E-06,-1.056679604
MFAP2,1.41E-05,2.57E-06,4.548817924
LINC01719,1.48E-05,2.69E-06,-1.550620621
GALNT9,1.52E-05,2.76E-06,1.026560834
GSDMB,1.54E-05,2.81E-06,-1.321471676
CHMP3-AS1,1.56E-05,2.85E-06,-1.644168958
CDH7,1.66E-05,3.04E-06,1.106960885
GRAP,1.69E-05,3.11E-06,2.08400205
P4HA3-AS1,1.80E-05,3.32E-06,1.495307022
OSR2,1.93E-05,3.56E-06,-1.024310387
FLRT2,1.98E-05,3.67E-06,1.417358879
MARK1,2.07E-05,3.84E-06,2.815342827
SYT16,2.16E-05,4.02E-06,2.189178372
CIART,2.18E-05,4.05E-06,-2.445725633
IFNB1,2.18E-05,4.05E-06,1.043695991
A2M-AS1,2.20E-05,4.10E-06,-1.577511714
LOC729683,2.21E-05,4.11E-06,1.645706006
CLEC18C,2.21E-05,4.12E-06,2.079593496
LOC107987300,2.29E-05,4.29E-06,3.173005213
LIMS2,2.46E-05,4.63E-06,1.103239106
NKAIN1,2.46E-05,4.64E-06,1.422453865
UGT2B15,2.47E-05,4.65E-06,-1.217939922
BIN2,2.51E-05,4.72E-06,-2.322981855
LCN2,2.55E-05,4.81E-06,-1.154344569
ADAMTS14,2.57E-05,4.86E-06,3.785840519
MIR2117HG,2.58E-05,4.88E-06,5.940327486
CBLN2,2.66E-05,5.03E-06,1.150840215
HOXD9,2.67E-05,5.06E-06,1.962611198
COL4A2-AS2,2.71E-05,5.13E-06,1.068191523
LOC101927600,3.08E-05,5.87E-06,4.00019328
LOC101929319,3.11E-05,5.93E-06,4.502996816
KLLN,3.33E-05,6.39E-06,-1.097002085
ACTC1,3.42E-05,6.58E-06,4.066495579
LOC101929498,3.48E-05,6.70E-06,3.25884426
LOC105369358,3.53E-05,6.81E-06,-6.099122134
LINC02966,3.59E-05,6.92E-06,-1.339887388
MASP2,3.76E-05,7.27E-06,-1.819885258
ISLR2,3.92E-05,7.61E-06,2.250862644
COX6B2,4.00E-05,7.77E-06,1.43977735
IRF6,4.12E-05,8.03E-06,1.461550378
LOC105370756,4.17E-05,8.13E-06,1.96977472
UBE2Q2P1,4.18E-05,8.15E-06,1.0788543
FAT2,4.19E-05,8.17E-06,2.293691661
GUCA2B,4.35E-05,8.50E-06,-1.995416677
MICALCL,4.43E-05,8.68E-06,1.309293828
LINC00993,4.54E-05,8.90E-06,2.245976059
VSX1,4.59E-05,9.00E-06,-1.255021819
LOC728715,4.61E-05,9.05E-06,-1.030861903
SGSM1,4.61E-05,9.05E-06,-1.115202544
LOC105374128,4.72E-05,9.28E-06,1.782013695
LOC105373180,4.74E-05,9.32E-06,-2.149692233
TOX,4.85E-05,9.56E-06,1.367861206
LOC408186,4.99E-05,9.85E-06,-1.059997613
MEG9,5.15E-05,1.02E-05,3.438194005
LINC03064,5.50E-05,1.09E-05,-2.018063284
FAR2P2,5.55E-05,1.11E-05,-1.252848929
CLIC3,5.66E-05,1.13E-05,1.137785237
MYCL,5.83E-05,1.16E-05,1.116079117
LOC100507412,5.92E-05,1.18E-05,-1.088360739
KCNJ15,6.19E-05,1.24E-05,1.684199905
CDK14,6.25E-05,1.25E-05,2.627401218
CHL1,6.30E-05,1.27E-05,-1.524158792
GCSAM,6.30E-05,1.27E-05,1.065942949
CALML3-AS1,6.57E-05,1.32E-05,-2.678068645
LOC112268114,6.74E-05,1.36E-05,-2.638570951
ONECUT3,7.11E-05,1.44E-05,-3.608872031
CCDC188BP,7.11E-05,1.44E-05,-1.627406516
SYTL1,7.22E-05,1.46E-05,-1.669337441
DAND5,7.38E-05,1.50E-05,2.936297539
LOC105371934,7.42E-05,1.51E-05,1.048289553
TNRC6C-AS1,7.44E-05,1.51E-05,-1.734702278
ANKRD34B,7.57E-05,1.54E-05,2.809108792
LOC107984124,7.58E-05,1.54E-05,1.183370581
LINC00322,7.92E-05,1.62E-05,1.330874919
SLC6A14,8.07E-05,1.65E-05,1.871691061
SLC17A4,8.17E-05,1.68E-05,-2.250452659
ARPP21,8.19E-05,1.68E-05,1.617694153
EXOC3L4,8.29E-05,1.70E-05,-1.102682042
TMEM88,8.29E-05,1.70E-05,1.850646828
LOC105369308,8.33E-05,1.71E-05,2.649163062
BCO2,8.66E-05,1.79E-05,-1.587399486
CDHR1,8.72E-05,1.80E-05,1.456862118
ZNF468,8.72E-05,1.80E-05,1.403989054
MAFB,8.97E-05,1.86E-05,2.0440696
LOC100996720,9.00E-05,1.86E-05,2.297210646
ART5,9.21E-05,1.91E-05,1.803747973
LOC107985692,9.25E-05,1.92E-05,-3.588372857
FAM13C,9.39E-05,1.95E-05,-3.043549002
LOC105379506,9.71E-05,2.03E-05,-1.477773844
LOC105372767,0.000101332,2.12E-05,-1.728363082
CGB3,0.000106062,2.22E-05,2.670984703
GPR68,0.000116938,2.47E-05,1.379212902
DACT3,0.000117154,2.48E-05,2.690590024
ITGB1BP2,0.000119961,2.54E-05,-2.033067002
GREM2,0.000121328,2.58E-05,1.505009848
F13A1,0.000138644,2.97E-05,2.043086686
A4GNT,0.000139477,2.99E-05,1.401124222
FOSL2-AS1,0.000142091,3.06E-05,1.186826379
IFFO1,0.000145716,3.14E-05,1.15092618
MSLN,0.000163015,3.54E-05,-1.504699899
CALHM3,0.000163659,3.56E-05,1.360222952
HOTS,0.00016506,3.59E-05,-1.642063135
ACADL,0.00017014,3.71E-05,1.788632641
LOC112268047,0.000175687,3.84E-05,1.670866119
NIPAL4-DT,0.000176949,3.87E-05,3.043710869
NR3C2,0.000189014,4.16E-05,-1.29944018
ABCA8,0.000190272,4.19E-05,-1.028563172
DOCK9-DT,0.000193456,4.26E-05,1.227561233
LOC105370964,0.000195226,4.30E-05,1.780655073
EPB41L3,0.000195833,4.32E-05,3.771871164
RSPH1,0.000196549,4.34E-05,-1.163513413
LOC101927952,0.00020323,4.50E-05,1.844694559
BASP1-AS1,0.00020539,4.55E-05,-1.680832679
DLX2,0.000207199,4.60E-05,2.012197898
CRHR1,0.000211431,4.71E-05,4.743897851
MMP10,0.00021192,4.72E-05,4.746792635
LOC107985900,0.000213287,4.75E-05,1.017720392
STXBP5-AS1,0.000215114,4.80E-05,1.106547984
REM1,0.000219278,4.90E-05,4.769202626
CRABP1,0.000234737,5.27E-05,-1.228732332
LINC01730,0.000238094,5.36E-05,-1.479049705
C10orf143,0.000245077,5.54E-05,-1.122654711
MIR924HG,0.000252412,5.71E-05,-1.17323568
KLHDC8A,0.00025711,5.83E-05,1.296616797
TACR1,0.000278098,6.35E-05,-1.101091048
NYAP1,0.000288928,6.62E-05,1.558928853
LOC105370092,0.000291966,6.70E-05,-1.328449267
SLN,0.000298006,6.85E-05,3.136286672
MATK,0.000302244,6.96E-05,2.305805947
LOC105378980,0.000302907,6.98E-05,-1.181741108
ART1,0.000304455,7.02E-05,4.655818009
LCP1,0.000305645,7.04E-05,1.462666757
TYRP1,0.000311659,7.20E-05,2.409539603
OR2B6,0.000311993,7.21E-05,-3.630347075
TRIM36,0.000312156,7.21E-05,1.047870552
BEST3,0.000318849,7.38E-05,1.547991127
RGS9,0.00032296,7.48E-05,1.132637506
LRRC26,0.000332194,7.71E-05,-1.023945641
LINC02078,0.000349386,8.14E-05,-4.598396284
LRRC73,0.000351967,8.21E-05,1.044140775
GPR162,0.000351967,8.21E-05,-1.402822581
LOC105377867,0.000362522,8.48E-05,-3.598239494
SNORD35A,0.000370631,8.68E-05,-1.34098523
DYNLT4,0.000380383,8.93E-05,1.013810135
RXFP4,0.000381038,8.95E-05,-3.571500655
LOC105375586,0.000385509,9.07E-05,2.873133686
PNPLA1,0.000387215,9.12E-05,3.595640451
TRPV4,0.000400489,9.44E-05,2.875783286
UST-AS2,0.000405093,9.57E-05,1.468967546
KCNQ3,0.000410629,9.72E-05,1.049036499
LMO2,0.000412511,9.77E-05,1.1130128
PCSK1,0.0004273,0.000101593,1.40334057
RNF165,0.000428182,0.000101826,1.864816219
EGR2,0.000428896,0.000102019,3.566106532
CRISP3,0.000452413,0.00010823,1.895735825
SNORA73B,0.000472277,0.000113189,-1.758022817
TCF21,0.000484561,0.000116397,-1.87790958
SEMA3D,0.000488447,0.000117437,1.438042538
CCL4L2,0.000490527,0.000117964,1.073561396
LINC02274,0.000503676,0.000121484,1.993814905
GCNT4,0.000515502,0.000124646,1.143160293
TEK,0.000530722,0.000128645,2.696496005
CYTIP,0.000539852,0.000130976,-2.451190173
LOC102724092,0.000553089,0.00013452,-3.042983149
LOC101927745,0.000553342,0.000134612,-1.081651898
LRRC36,0.000561626,0.000136832,-3.539737267
MUC2,0.000585115,0.000143203,-2.019752273
GOLGA6C,0.000587555,0.000143833,2.824192192
LOC105372524,0.000588452,0.000144117,-1.107121032
RIPOR3,0.000592422,0.000145218,1.689666468
RBP1,0.000597756,0.000146624,1.314888468
SAMD13,0.000601089,0.000147507,-1.25787695
ALOX5AP,0.000601326,0.000147598,2.498145524
JPH3,0.000626747,0.000154419,1.25926477
PTPRN,0.000637727,0.000157299,1.446000173
IGSF1,0.000659894,0.000163195,-1.454577385
COL5A1-AS1,0.000660508,0.000163387,3.074041801
ITK,0.000672697,0.000166622,4.503935307
EPHA6,0.00070336,0.000174947,2.283113649
LOC105370007,0.000722357,0.000180185,-2.301407137
TENT5B,0.000722967,0.000180377,-1.450966567
LOC105370492,0.000743945,0.000185976,1.548346567
ECEL1,0.00075572,0.000189332,2.159851336
PLB1,0.000763099,0.000191473,1.194932385
FBXL21P,0.000780387,0.000196109,1.116638331
LOC101927080,0.000781788,0.000196521,-3.016497388
PLEKHS1,0.000784867,0.000197449,-2.350688766
SOX7,0.000805424,0.000202884,-1.290014949
SNORD45A,0.000812162,0.000204803,-2.014649419
LOC107986071,0.000814732,0.000205496,1.384183801
LINC01376,0.000825189,0.000208359,-1.059397265
SBSN,0.000842001,0.000212972,1.271908926
KCNH1-IT1,0.000860772,0.000218142,1.306758742
IL2RB,0.000890673,0.000226498,4.435648548
ZNF738,0.000898785,0.000228758,-1.249474429
CLEC4E,0.000908384,0.000231399,1.804016145
FGF5,0.000910565,0.000232054,1.745665142
NLRP1,0.000917374,0.00023404,2.30461344
SFRP5,0.000969004,0.000248217,1.279224901
ARL13A,0.000969985,0.000248574,1.644043223
N4BP3,0.000990994,0.000254499,1.101052048
CGB2,0.000992868,0.000255035,2.629208415
TBILA,0.000995803,0.000255898,1.546543249
CCDC85A,0.000997875,0.000256593,-1.282943109
TNF,0.001000042,0.000257478,1.986656284
WNT9B,0.001024129,0.000264407,2.15278351
ARHGEF38,0.001060397,0.000274407,-1.554071505
HLX-AS1,0.001075781,0.000278741,1.34399913
CPN1,0.001109735,0.000288144,-1.474232831
CLEC18B,0.001176543,0.000307033,1.5693555
ADAMTSL1,0.001184472,0.000309361,1.835280537
MIR3189,0.001188306,0.000310557,-2.356082749
NPFF,0.001199526,0.000313672,-1.622654005
MYO7B,0.001248439,0.000328037,1.626347766
LOC102723834,0.001289573,0.000340403,1.363846143
ZMAT4,0.001347741,0.000357344,-1.008322134
LOC105376058,0.001396801,0.000371606,2.019562771
LAPTM5,0.001460812,0.000389991,1.142820511
TMEM215,0.00146306,0.000390831,1.650501549
LOC112267876,0.001480226,0.000395821,-1.812582969
NOX1,0.001502527,0.000402359,-1.198612959
ST8SIA6,0.001512231,0.000405453,1.91411622
LOC100287846,0.001525152,0.00040925,-1.222439543
ST8SIA2,0.001544225,0.000415043,1.350816469
LOC105377275,0.001548245,0.000416292,-1.047772388
MMP9,0.001553113,0.000417856,1.685922076
NFE2,0.001628592,0.000440564,-1.681525704
SYT11,0.001632959,0.000442102,-1.004124147
LRRC37A6P,0.001646201,0.000446046,-1.152739943
LOC105379549,0.001648573,0.000446779,-1.221481196
LOC105372579,0.001673865,0.000454182,-1.063527349
PDIA2,0.00168678,0.000458147,2.393718953
SIX3,0.001687703,0.00045849,1.287858601
RNF152,0.001699983,0.000462383,2.950958091
ADAMTS16,0.001763862,0.000480817,1.184140378
SNCA,0.001849498,0.00050608,2.240726734
KLF17,0.001851796,0.000506911,1.51047418
PTAFR,0.001856722,0.000508665,-1.393913174
SPACA6-AS1,0.001902763,0.000522421,1.25027842
LBP,0.0019134,0.000525655,1.151140711
PACERR,0.001930574,0.000531172,-1.099480835
LOC107985492,0.001952853,0.000538093,1.289453245
HTR7,0.002058677,0.000570512,3.29314505
LOC105370689,0.002062169,0.000571856,-1.236128945
CGB1,0.002084425,0.0005789,2.728040084
MSI1,0.002126005,0.000591492,1.545507682
LOC105378730,0.002137563,0.000595058,-1.221340913
S100A5,0.002191053,0.00061107,-1.115650935
RNF180,0.002251112,0.000630233,1.380424834
LYPLAL1-DT,0.002296105,0.000644584,1.611800503
LINC01249,0.00237948,0.000670329,2.215240766
SNORD12B,0.002384817,0.000671963,-1.843898882
AMHR2,0.002400522,0.000677043,1.459141676
TFEC,0.002431967,0.000686974,2.596816929
LOC105374378,0.002436535,0.000688531,2.533768743
SNORD4A,0.002443337,0.00069105,-1.11605227
KRTAP4-1,0.002469049,0.000698798,-1.486269135
LOC101929555,0.002473399,0.000700437,-1.444617838
CAPN8,0.002517771,0.000714374,-1.455831828
LOC105374019,0.002539255,0.000720886,-1.273179712
CFAP47,0.002618162,0.000745003,-1.775583573
SLC28A2,0.002689577,0.000767527,-1.556894602
LINC02777,0.002709705,0.000774159,1.233606695
SLC15A2,0.002714375,0.00077579,-2.206544981
KLRK1-AS1,0.002752533,0.000787598,-2.544014273
LGALS4,0.002752533,0.000787528,-1.240336972
ITGAL,0.002758179,0.000789364,-1.485446185
FAT3,0.002765626,0.000791797,1.415749622
APBA1,0.002843234,0.000815879,-1.033804428
NDST1-AS1,0.002886216,0.000829316,1.0078197
STAC2,0.002892951,0.000831409,1.916978248
LINC02103,0.002917546,0.000838956,2.150623344
DENND2C,0.00294426,0.000847602,1.165144156
SNORD12,0.00301433,0.000869255,-2.000636733
DRAIC,0.003027587,0.000873244,-1.054456938
COL6A3,0.003090942,0.00089388,2.307423329
PRLR,0.003163867,0.000917043,1.021342964
LINC00525,0.003204236,0.000929968,1.394332847
LOC105375118,0.003301307,0.000961625,-1.854397519
ACAN,0.003495667,0.00102376,1.947820105
GSTA1,0.003581233,0.001051314,-1.437365725
LINC00239,0.003619492,0.001064324,-1.15253031
AHSG,0.003643274,0.001071914,-1.677904214
H3C12,0.003682679,0.001084915,-1.867616579
SH3RF3,0.003723804,0.001099064,1.47043186
BEAN1-AS1,0.003725159,0.001099871,2.308438284
POU3F3,0.003742404,0.001105576,2.068099016
MESP2,0.00376532,0.001113785,-1.305299817
S100A9,0.003847702,0.001140675,1.652057537
SLC13A5,0.00393016,0.001167051,2.214725732
MASCRNA,0.003980038,0.001182732,-1.828804316
TM4SF1-AS1,0.004087925,0.001217248,-1.101413378
PELATON,0.004098719,0.001221804,-1.286742773
GAB3,0.004190043,0.001252917,1.9967222
H3C14,0.004261436,0.001276825,-1.525961512
LINC02562,0.004261893,0.001277195,-1.159597206
LRRC15,0.004267757,0.001279185,1.808211632
MIR637,0.004385453,0.001318533,2.307800983
MT1DP,0.004399926,0.001323846,1.403537774
LOC107985780,0.00442383,0.00133128,-1.438745681
SMIM2-AS1,0.004518893,0.001362767,-1.081217157
DRAXIN,0.004570849,0.001380015,3.437692716
SPATA3-AS1,0.004664601,0.00141367,-1.863348602
LINC00444,0.004735197,0.001436616,-1.508990107
NCCRP1,0.004891746,0.001488386,1.050659471
RAI2,0.004938741,0.001505382,2.146395938
LOC112268182,0.004944509,0.00150741,1.850979501
LOC107985090,0.005242198,0.001607039,1.380587479
DHRS9,0.005282601,0.00162029,1.420082722
C20orf204,0.005323847,0.001634104,-1.067652095
CHRDL2,0.005374466,0.001650815,1.346511963
PTPRR,0.005427508,0.001669478,1.265318753
LOC107984751,0.00565093,0.001745916,-1.115251641
CDH26,0.005674083,0.001754619,-1.221916535
TMPRSS3,0.005787946,0.001793306,-2.698628948
NKX1-2,0.005813461,0.001802163,-2.168215174
LOC105372105,0.006070631,0.00188951,1.9172532
NKX3-2,0.006129104,0.001908714,-1.115779338
MYO1G,0.006186488,0.001928949,2.10011095
H3C15,0.006189423,0.00193054,-1.45741453
TOX-DT,0.00623104,0.001946243,1.235928419
SERTAD4-AS1,0.006357747,0.001989985,1.110835848
KRT14,0.006433643,0.002015146,1.341982113
LOC101928039,0.006506076,0.002041031,-1.907229368
LOC100996660,0.006522024,0.002047459,-1.004103834
CATSPERB,0.006585998,0.002067902,-1.223373959
CLEC18A,0.00661436,0.002079335,1.185040193
AQP5-AS1,0.006677902,0.002103687,-1.880434649
LOC101927759,0.006688779,0.002107479,-1.179380667
FLRT2-AS1,0.006740625,0.002127495,2.201487377
RFPL1S,0.006816357,0.002155492,-1.838699878
LOC105371114,0.006920791,0.00219154,-1.774317024
NIM1K,0.007175507,0.002282386,-1.471372389
LOC105378482,0.007383424,0.002356584,-1.006497833
ADH4,0.007389685,0.002358985,-1.706732478
MGAM2,0.007393655,0.002361774,-2.157625064
C8orf48,0.007491072,0.00239585,1.423380006
MEG8,0.007510317,0.002402416,1.449518484
FGF18,0.007598727,0.002433665,1.479491165
GJB4,0.007622238,0.002442795,-1.824772959
LOC107985687,0.007647497,0.002452889,1.45229168
LRRC32,0.00778124,0.002498427,2.066026414
TNFSF14,0.008058288,0.002597503,-1.345956614
LOC112268099,0.008430613,0.00273225,-1.882650132
INKA2-AS1,0.008446301,0.002738718,-1.061657452
SLC52A1,0.008607296,0.00279515,-1.015966939
LOC107985000,0.00870985,0.002833686,-1.530204697
UNC5A,0.00881666,0.002872287,1.14350711
SNORD30,0.008907545,0.002903841,-1.471717168
CAPN3,0.008918402,0.002909328,-1.05189144
LINC01619,0.009008358,0.002943593,-1.20867634
GAL3ST2,0.009073472,0.002968338,-1.452921826
RAB42,0.00927459,0.00304021,1.190932987
LOC107984948,0.009649292,0.003178844,-1.01880447
LGR5,0.009709361,0.003202345,2.366699928
LOC105376270,0.009722111,0.003207081,-1.110806364
MST1L,0.009775956,0.003226445,-1.071181207
LOC107987254,0.009911554,0.003275527,-1.022207596
MIR9-1HG,0.009927946,0.003282028,-1.136418869
SATB1,0.01010833,0.003346628,1.964542927
ADM-DT,0.010329896,0.003426753,-1.109884732
ODF3L1,0.010391398,0.003449992,1.463330803
SSUH2,0.010519487,0.003497688,-1.646468996
RGS9BP,0.010537996,0.003504417,-1.345996451
PRSS35,0.010560697,0.003515427,-1.540549664
TMEM220-AS1,0.010666447,0.003553541,-1.089549033
SNORD63B,0.010760811,0.003591442,-1.361283358
MUC12,0.010779345,0.003598805,1.155544349
NR2F2-AS1,0.010814019,0.003612153,-1.831990474
LOC107987258,0.010974479,0.003671743,1.50295088
KCNQ5-DT,0.011060829,0.003704257,2.179611583
PPM1E,0.01117937,0.003754945,-1.117932797
DUOXA1,0.011804787,0.003994111,1.711238472
MYOM1,0.012093519,0.004107678,-1.34273189
NABP1-OT1,0.012208782,0.004153372,-1.821959507
ACRBP,0.012302612,0.004189996,-2.094461299
ADAM32,0.012377981,0.004218368,-1.013363818
NPIPB15,0.012605761,0.004305533,-1.150256477
DRC7,0.012666444,0.0043312,-1.645313151
LINC02688,0.012988684,0.004447771,-1.479632493
RALGPS2-AS1,0.013138697,0.004502011,-1.111266988
LOC101926984,0.013574168,0.004669016,-1.520824344
LINC01117,0.013610043,0.004685071,1.066670543
H4C9,0.013743964,0.004732673,-2.108237784
LINC02806,0.013767813,0.004746148,-1.160617446
LOC107984537,0.013767813,0.004746104,-1.542257332
LINC02568,0.013860207,0.00478254,-2.206794057
LINC01943,0.013949006,0.004820797,1.671176467
SLC2A4,0.013994271,0.004837969,1.249634856
MIR4258,0.014100381,0.004878503,-1.590352325
TSPOAP1,0.014185633,0.004912646,-2.025214291
LOC105377989,0.014254856,0.004939732,1.976834524
LOC102724562,0.014284008,0.004952174,-1.06862431
RAPGEF4,0.014340129,0.004972414,-1.050304281
RNA5-8SN3,0.014492372,0.005035492,-1.099826369
LOC105377219,0.014726939,0.005129057,-1.248019581
HAO1,0.014732725,0.005132681,-1.781524627
DDN,0.01518582,0.005312923,-1.060944214
RGMA,0.015366156,0.005384406,1.626480417
LOC101928295,0.015379454,0.005389905,-1.154236978
LINC03014,0.015442859,0.00541746,-1.07483797
LOC105374355,0.015460055,0.005424907,-1.287271632
RDH10-AS1,0.0155003,0.005441568,-2.457353264
LOC107985362,0.015596552,0.005480468,-1.674234257
MIR147B,0.015611314,0.00548736,1.02878752
NPY1R,0.015814085,0.005568133,1.020160558
LINC00933,0.016356089,0.005777667,1.044317309
GYG2P1,0.016356089,0.005777728,1.866868208
RIPPLY2,0.016528588,0.005845883,-1.761039588
FAM238C,0.016743627,0.005931082,-1.184068586
ARHGEF2-AS2,0.017071762,0.00605664,1.055681303
ICAM5,0.017097789,0.006070541,-1.326394235
RASGRP2,0.017134468,0.0060845,1.231069209
LINC00654,0.017397986,0.006188648,-1.92464126
LOC112268201,0.017456477,0.006216004,1.336517758
SNORD102,0.017664307,0.006302549,-1.478438381
FRMPD3,0.017672465,0.006306425,2.977034878
SLCO4A1-AS2,0.017805083,0.006361528,-1.766186098
ISM2,0.01894136,0.006810946,1.73523494
BRME1,0.019003666,0.006838539,-1.023052587
LINC00115,0.019017618,0.006844598,1.057715066
H3C4,0.019031227,0.006851551,-2.111472761
LSP1P3,0.019390509,0.006996805,-1.17707422
TMEM52B,0.019500789,0.007040857,1.969085499
KLHDC7B,0.019872501,0.007188087,-1.417918704
LMOD1,0.019909784,0.00720266,-1.447226392
TMCC3,0.020468759,0.007433938,1.304648467
ABCB5,0.021017722,0.007664301,-1.342708145
FAIM2,0.021441182,0.007837453,-1.219769202
LINC01948,0.021709227,0.007952028,-1.625732396
INKA1,0.021856009,0.008011761,1.462853556
SLC5A9,0.021927486,0.008040358,-1.726282401
LOC101928864,0.022035804,0.008088499,1.057729079
LOC105378936,0.022369141,0.008226733,-1.410530638
CELF2,0.022630749,0.008335303,1.790999815
LOC105370774,0.022767088,0.008392978,1.572170537
LOC107984226,0.022859208,0.008434427,-1.387666154
DTX1,0.022981152,0.008482472,1.337643963
CCL3,0.022981152,0.008483186,1.250431478
ROR2,0.023048707,0.008514416,-1.391382775
LOC105372191,0.02373177,0.00878634,1.689594989
CFAP90,0.024229625,0.00900032,1.165915031
LINC01659,0.024229625,0.009000936,-2.166672251
SLC6A20,0.024273843,0.009020013,2.172121282
CHRD,0.024325428,0.009041839,1.600957841
MINDY2-DT,0.024396667,0.009074979,-1.039388379
LINC00574,0.024508894,0.009119402,-1.175088079
TNFSF13B,0.024722169,0.009206858,-1.088160354
TMEM30A-DT,0.025216254,0.009410139,-1.126705765
GPR137C,0.025699556,0.009618564,-1.162408284
CLDN18,0.025943823,0.009717069,1.902678366
HCLS1,0.026596701,0.01000517,-2.14923369
LOC102723814,0.026864796,0.010128026,1.105368577
LOC339666,0.027015864,0.01019088,-1.301514191
TMSB4Y,0.028165019,0.010670502,1.013676954
ATG9B,0.028273306,0.010725422,1.274250974
PSORS1C2,0.028307839,0.010740068,1.89143446
KLHL30,0.028512458,0.010825486,1.208904979
LINC01754,0.028622395,0.010870352,-1.443230373
LOC107984928,0.028945725,0.011012115,1.504376466
CRTAC1,0.02921791,0.011134811,1.012476713
LOC107986162,0.029808431,0.011395666,1.087317851
SYT14,0.03004555,0.0114978,1.24295252
CCL24,0.030239759,0.01158533,1.058968998
LOC284009,0.030239759,0.011584923,-1.448888274
SLC26A4,0.030252751,0.011593611,-1.638669138
SNORD42B,0.030491176,0.011697248,-1.6753476
MIR6753,0.031054025,0.011941377,1.565523374
LRP2,0.031677483,0.012217445,1.072194352
MCM8-AS1,0.032025789,0.012372765,-1.028179483
TLX2,0.032673082,0.012649602,-1.325884111
LOC112268092,0.032735103,0.012682673,-1.561679344
RDH16,0.032866325,0.012738774,1.374690907
LINC00689,0.03308603,0.012851031,-1.785416773
PLAC8,0.033406647,0.012984684,-1.207961114
SERPINB9P1,0.034873781,0.013646345,-1.161627057
LOC400464,0.034895983,0.013658844,1.148317817
PRRT4,0.035106411,0.013748877,-1.073415337
ARTN,0.035374917,0.013867555,-1.175403197
KRT23,0.035706011,0.014022696,-2.039402975
RSPH4A,0.037789435,0.014945157,-1.019638928
GNG7,0.037987895,0.015043314,1.393223962
VEGFD,0.03859378,0.015316966,-1.470832352
LOC105374152,0.03868253,0.015360638,-1.121583222
LOC102724908,0.038738224,0.015386984,1.07672206
IL9R,0.039210126,0.015595837,-1.006084861
KRT12,0.039212615,0.015598968,-1.695420693
HOTAIR,0.039304311,0.015641884,-1.222520405
LOC101929750,0.039390825,0.015680616,1.272734762
LOC105375431,0.039725982,0.01582488,1.21234338
LOC100996740,0.039837044,0.015877824,1.257612221
TMEM255A,0.040058483,0.015979207,1.026675612
LGR4-AS1,0.040508855,0.016180979,-1.217696323
LINC02367,0.041349247,0.016550537,-1.344872064
LOC105375334,0.041479043,0.016607019,-1.046280839
ST6GALNAC3,0.042712698,0.017191902,1.082892819
PTPRCAP,0.042860797,0.017260874,-1.024600649
PRDM16,0.042948926,0.017301055,1.344296211
LOC107985208,0.043327723,0.017477305,-1.613641067
LNC-LBCS,0.043358358,0.01749203,1.170945824
LOC101928988,0.043465937,0.017542551,1.504445163
NTSR1,0.043833814,0.01772214,1.024683877
LOC100128317,0.044625616,0.018103189,1.330136308
ABCG4,0.044753042,0.018169444,1.128340819
LOC112268272,0.04511324,0.018353213,1.22601604
CHKA-DT,0.04519544,0.018398515,-1.304535766
LINC01085,0.045222428,0.018423339,-1.024525286
SNORD34,0.045222428,0.018424318,-1.027880254
B3GALNT1,0.045461439,0.018551484,-1.351470269
LOC105376306,0.046361033,0.019022378,1.123261283
POMK,0.046609856,0.019147379,1.133528591
SMANTIS,0.047040794,0.019339821,-1.242998138
LOC107986428,0.047090855,0.019368117,-1.166784648
ALPI,0.047376703,0.019495448,-1.698737658
PIFO,0.04744647,0.019529924,-1.288842563
CNNM3-DT,0.047697705,0.019641151,1.190954093
MMP1,0.048656939,0.020081316,3.790376207
KCNJ8,0.048712011,0.020112025,-1.180022835
LOC105370091,0.04875306,0.020134298,1.529889826
AFTPH-DT,0.049394943,0.020466818,-1.462214278
LYG2,0.049616871,0.020577739,-1.740386484
TMEM52,0.049649571,0.020596723,-1.138752303
